task_id,keyword,job_id,result_rank,paper_id,title,authors,year,journal,journal_field,journal_rank,doi,final_score,abstract_score,include_status,verification_status,verification_reason,unpaywall_status,oa_pdf_url,oa_landing_page_url,cited_by_count,relevance_reason
T001,AI interview employer branding,job-0b18c906-a0e1-4468-8133-a153c1a4446b,1,job-0b18c906-a0e1-4468-8133-a153c1a4446b-paper-1,WHEN AND HOW ARTIFICIAL INTELLIGENCE AUGMENTS EMPLOYEE CREATIVITY,"Jia, Nan, Luo, Xueming, Fang, Zheng, Liao, Chengcheng",2024,ACADEMY OF MANAGEMENT JOURNAL,2. 조직인사,국제 S급,10.5465/amj.2022.0426,0.658,0,review,verified,title match; year match; journal match,failed,,,447,title keyword overlap 0.50; abstract keyword overlap 0.00; subtopic fit 0.25 (AI interview employer branding); combined relevance 0.29; citations 447; year 2024
T001,AI interview employer branding,job-0b18c906-a0e1-4468-8133-a153c1a4446b,2,job-0b18c906-a0e1-4468-8133-a153c1a4446b-paper-2,Exploring Cultural Differences in AI-Based Interviews: Innovativeness and Justice Perceptions Among Job Applicants in the United States and South Korea,"Park, Jiyoung, Jung, Yeseul",2025,HUMAN RESOURCE MANAGEMENT,2. 조직인사,국제 A1급,10.1002/hrm.22303,0.657,0.667,review,verified,title match; year match; journal match,failed,,,6,title keyword overlap 0.50; abstract keyword overlap 0.67; subtopic fit 0.75 (AI interview employer branding); combined relevance 0.53; citations 6; year 2025
T001,AI interview employer branding,job-0b18c906-a0e1-4468-8133-a153c1a4446b,3,job-0b18c906-a0e1-4468-8133-a153c1a4446b-paper-3,How Well Can an AI Chatbot Infer Personality? Examining Psychometric Properties of Machine-Inferred Personality Scores,"Fan, Jinyan, Sun, Tianjun, Liu, Jiayi, Zhao, Teng, Zhang, Bo",2023,JOURNAL OF APPLIED PSYCHOLOGY,2. 조직인사,국제 A1급,10.1037/apl0001082,0.605,0.5,review,verified,title match; year match; journal match,failed,,,57,title keyword overlap 0.50; abstract keyword overlap 0.50; subtopic fit 0.25 (AI interview employer branding); combined relevance 0.29; citations 57; year 2023
T001,AI interview employer branding,job-0b18c906-a0e1-4468-8133-a153c1a4446b,4,job-0b18c906-a0e1-4468-8133-a153c1a4446b-paper-4,Can Legal and Professional Personnel Selection Principles be Met With Machine Learning (Artificial Intelligence)?,"Campion, Michael A.",2026,HUMAN RESOURCE MANAGEMENT,2. 조직인사,국제 A1급,10.1002/hrm.70025,0.603,0.5,review,verified,title match; year mismatch; journal match,failed,,,1,title keyword overlap 0.50; abstract keyword overlap 0.50; subtopic fit 0.50 (AI interview employer branding); combined relevance 0.36; citations 1; year 2026
T001,AI interview employer branding,job-0b18c906-a0e1-4468-8133-a153c1a4446b,5,job-0b18c906-a0e1-4468-8133-a153c1a4446b-paper-5,Curse or Blessing: Investigating the Influence of Firms' Artificial Intelligence Adoption on Employee Job Satisfaction,"Schulz, Colin, Bendig, David, Braunche, Antonio, Kindermann, Bastian",2026,JOURNAL OF MANAGEMENT STUDIES,2. 조직인사,국제 A1급,10.1111/joms.70004,0.58,0.5,review,verified,title match; year mismatch; journal match,failed,,,2,title keyword overlap 0.50; abstract keyword overlap 0.50; subtopic fit 0.25 (AI interview employer branding); combined relevance 0.29; citations 2; year 2026
T001,AI interview employer branding,job-0b18c906-a0e1-4468-8133-a153c1a4446b,6,job-0b18c906-a0e1-4468-8133-a153c1a4446b-paper-6,Preparing for Tomorrow's Teamwork: Insights From eSports on How Human Expertise Shapes Training Needs for AI-Integrated Work,"Lancaster, Caitlin M., Flathmann, Christopher, Hsu, Jennifer, McNeese, Nathan J., O'Neill, Thomas A.",2025,JOURNAL OF ORGANIZATIONAL BEHAVIOR,2. 조직인사,국제 A1급,10.1002/job.70036,0.568,0.5,review,verified,title match; year match; journal match,failed,,,0,title keyword overlap 0.50; abstract keyword overlap 0.50; subtopic fit 0.25 (AI interview employer branding); combined relevance 0.29; citations 0; year 2025
T002,artificial intelligence recruitment applicant reaction,job-2649e9ae-49e0-4764-a646-ad7817d2f311,1,job-2649e9ae-49e0-4764-a646-ad7817d2f311-paper-1,WHEN AND HOW ARTIFICIAL INTELLIGENCE AUGMENTS EMPLOYEE CREATIVITY,"Jia, Nan, Luo, Xueming, Fang, Zheng, Liao, Chengcheng",2024,ACADEMY OF MANAGEMENT JOURNAL,2. 조직인사,국제 S급,10.5465/amj.2022.0426,0.658,0,review,verified,title match; year match; journal match,failed,,,447,title keyword overlap 0.50; abstract keyword overlap 0.00; subtopic fit 0.25 (AI recruitment applicant reaction); combined relevance 0.29; citations 447; year 2024
T002,artificial intelligence recruitment applicant reaction,job-2649e9ae-49e0-4764-a646-ad7817d2f311,2,job-2649e9ae-49e0-4764-a646-ad7817d2f311-paper-2,Artificial intelligence and the changing sources of competitive advantage,"Krakowski, Sebastian, Luger, Johannes, Raisch, Sebastian",2023,STRATEGIC MANAGEMENT JOURNAL,2. 조직인사,국제 S급,10.1002/smj.3387,0.648,0.5,review,verified,title match; year mismatch; journal match,failed,,,317,title keyword overlap 0.50; abstract keyword overlap 0.50; subtopic fit 0.25 (AI recruitment applicant reaction); combined relevance 0.29; citations 317; year 2023
T002,artificial intelligence recruitment applicant reaction,job-2649e9ae-49e0-4764-a646-ad7817d2f311,3,job-2649e9ae-49e0-4764-a646-ad7817d2f311-paper-3,ARTIFICIAL INTELLIGENCE AND MANAGEMENT: THE AUTOMATION-AUGMENTATION PARADOX,"Raisch, Sebastian, Krakowski, Sebastian",2021,ACADEMY OF MANAGEMENT REVIEW,2. 조직인사,국제 S급,10.5465/amr.2018.0072,0.628,0,review,verified,title match; year match; journal match,failed,,,1212,title keyword overlap 0.50; abstract keyword overlap 0.00; subtopic fit 0.25 (AI recruitment applicant reaction); combined relevance 0.29; citations 1212; year 2021
T002,artificial intelligence recruitment applicant reaction,job-2649e9ae-49e0-4764-a646-ad7817d2f311,4,job-2649e9ae-49e0-4764-a646-ad7817d2f311-paper-4,THE ROLE OF ARTIFICIAL INTELLIGENCE AND DATA NETWORK EFFECTS FOR CREATING USER VALUE,"Gregory, Robert Wayne, Henfridsson, Ola, Kaganer, Evgeny, Kyriakou, Skolkovo Harris",2021,ACADEMY OF MANAGEMENT REVIEW,2. 조직인사,국제 S급,10.5465/amr.2019.0178,0.628,0,review,verified,title match; year match; journal match,failed,,,363,title keyword overlap 0.50; abstract keyword overlap 0.00; subtopic fit 0.25 (AI recruitment applicant reaction); combined relevance 0.29; citations 363; year 2021
T002,artificial intelligence recruitment applicant reaction,job-2649e9ae-49e0-4764-a646-ad7817d2f311,5,job-2649e9ae-49e0-4764-a646-ad7817d2f311-paper-5,The Janus face of artificial intelligence feedback: Deployment versus disclosure effects on employee performance,"Tong, Siliang, Jia, Nan, Luo, Xueming, Fang, Zheng",2021,STRATEGIC MANAGEMENT JOURNAL,2. 조직인사,국제 S급,10.1002/smj.3322,0.628,0.5,review,verified,title match; year match; journal match,failed,,,310,title keyword overlap 0.50; abstract keyword overlap 0.50; subtopic fit 0.25 (AI recruitment applicant reaction); combined relevance 0.29; citations 310; year 2021
T002,artificial intelligence recruitment applicant reaction,job-2649e9ae-49e0-4764-a646-ad7817d2f311,6,job-2649e9ae-49e0-4764-a646-ad7817d2f311-paper-6,"Occupational, industry, and geographic exposure to artificial intelligence: A novel dataset and its potential uses","Felten, Edward, Raj, Manav, Seamans, Robert",2021,STRATEGIC MANAGEMENT JOURNAL,2. 조직인사,국제 S급,10.1002/smj.3286,0.628,0.5,review,verified,title match; year match; journal match,failed,,,184,title keyword overlap 0.50; abstract keyword overlap 0.50; subtopic fit 0.25 (AI recruitment applicant reaction); combined relevance 0.29; citations 184; year 2021
T002,artificial intelligence recruitment applicant reaction,job-2649e9ae-49e0-4764-a646-ad7817d2f311,7,job-2649e9ae-49e0-4764-a646-ad7817d2f311-paper-7,COMBINING HUMAN AND ARTIFICIAL INTELLIGENCE: HYBRID PROBLEM-SOLVING IN ORGANIZATIONS,"Raisch, Sebastian, Fomina, Kateryna",2025,ACADEMY OF MANAGEMENT REVIEW,2. 조직인사,국제 S급,10.5465/amr.2021.0421,0.593,0,review,partial,Enrichment limit 10 reached; Crossref lookup skipped to stay within Worker subrequest limits.,skipped,,,161,title keyword overlap 0.50; abstract keyword overlap 0.00; subtopic fit 0.25 (AI recruitment applicant reaction); combined relevance 0.29; citations 161; year 2025
T002,artificial intelligence recruitment applicant reaction,job-2649e9ae-49e0-4764-a646-ad7817d2f311,8,job-2649e9ae-49e0-4764-a646-ad7817d2f311-paper-8,"ARTIFICIAL INTELLIGENCE, TRUST, AND PERCEPTIONS OF AGENCY","Vanneste, Bart S., Puranam, Phanish",2025,ACADEMY OF MANAGEMENT REVIEW,2. 조직인사,국제 S급,10.5465/amr.2022.0041,0.588,0,review,partial,Enrichment limit 10 reached; Crossref lookup skipped to stay within Worker subrequest limits.,skipped,,,71,title keyword overlap 0.50; abstract keyword overlap 0.00; subtopic fit 0.50 (AI recruitment applicant reaction); combined relevance 0.36; citations 71; year 2025
T002,artificial intelligence recruitment applicant reaction,job-2649e9ae-49e0-4764-a646-ad7817d2f311,9,job-2649e9ae-49e0-4764-a646-ad7817d2f311-paper-9,COMPETITIVE ADVANTAGE THROUGH ARTIFICIAL INTELLIGENCE: TOWARD A THEORY OF SITUATED AI,"Kemp, Ayenda",2024,ACADEMY OF MANAGEMENT REVIEW,2. 조직인사,국제 S급,10.5465/amr.2020.0205,0.583,0,review,partial,Enrichment limit 10 reached; Crossref lookup skipped to stay within Worker subrequest limits.,skipped,,,180,title keyword overlap 0.50; abstract keyword overlap 0.00; subtopic fit 0.25 (AI recruitment applicant reaction); combined relevance 0.29; citations 180; year 2024
T002,artificial intelligence recruitment applicant reaction,job-2649e9ae-49e0-4764-a646-ad7817d2f311,10,job-2649e9ae-49e0-4764-a646-ad7817d2f311-paper-10,Using supervised machine learning for large-scale classification in management research: The case for identifying artificial intelligence patents,"Miric, Milan, Jia, Nan, Huang, Kenneth G.",2023,STRATEGIC MANAGEMENT JOURNAL,2. 조직인사,국제 S급,10.1002/smj.3441,0.573,0.5,review,partial,Enrichment limit 10 reached; Crossref lookup skipped to stay within Worker subrequest limits.,skipped,,,130,title keyword overlap 0.50; abstract keyword overlap 0.50; subtopic fit 0.25 (AI recruitment applicant reaction); combined relevance 0.29; citations 130; year 2023
T002,artificial intelligence recruitment applicant reaction,job-2649e9ae-49e0-4764-a646-ad7817d2f311,11,job-2649e9ae-49e0-4764-a646-ad7817d2f311-paper-11,FROM SCARCITY TO ABUNDANCE: SCHOLARS AND SCHOLARSHIP IN AN AGE OF GENERATIVE ARTIFICIAL INTELLIGENCE,"Grimes, Matthew, von Krogh, Georg, Feuerriegel, Stefan, Rink, Floor, Gruber, Marc",2023,ACADEMY OF MANAGEMENT JOURNAL,2. 조직인사,국제 S급,10.5465/amj.2023.4006,0.573,0,review,partial,Enrichment limit 10 reached; Crossref lookup skipped to stay within Worker subrequest limits.,skipped,,,102,title keyword overlap 0.50; abstract keyword overlap 0.00; subtopic fit 0.25 (AI recruitment applicant reaction); combined relevance 0.29; citations 102; year 2023
T002,artificial intelligence recruitment applicant reaction,job-2649e9ae-49e0-4764-a646-ad7817d2f311,12,job-2649e9ae-49e0-4764-a646-ad7817d2f311-paper-12,Generative artificial intelligence and evaluating strategic decisions,"Doshi, Anil R., Bell, J. Jason, Mirzayev, Emil, Vanneste, Bart S.",2025,STRATEGIC MANAGEMENT JOURNAL,2. 조직인사,국제 S급,10.1002/smj.3677,0.571,0.5,review,partial,Enrichment limit 10 reached; Crossref lookup skipped to stay within Worker subrequest limits.,skipped,,,78,title keyword overlap 0.50; abstract keyword overlap 0.50; subtopic fit 0.25 (AI recruitment applicant reaction); combined relevance 0.29; citations 78; year 2025
T002,artificial intelligence recruitment applicant reaction,job-2649e9ae-49e0-4764-a646-ad7817d2f311,13,job-2649e9ae-49e0-4764-a646-ad7817d2f311-paper-13,ARE THE FUTURES COMPUTABLE? KNIGHTIAN UNCERTAINTY AND ARTIFICIAL INTELLIGENCE,"Townsend, David M., Hunt, Richard A., Rady, Judy, Manocha, Parul, Jin, Ju Hyeong",2025,ACADEMY OF MANAGEMENT REVIEW,2. 조직인사,국제 S급,10.5465/amr.2022.0237,0.568,0,review,partial,Enrichment limit 10 reached; Crossref lookup skipped to stay within Worker subrequest limits.,skipped,,,75,title keyword overlap 0.50; abstract keyword overlap 0.00; subtopic fit 0.25 (AI recruitment applicant reaction); combined relevance 0.29; citations 75; year 2025
T002,artificial intelligence recruitment applicant reaction,job-2649e9ae-49e0-4764-a646-ad7817d2f311,14,job-2649e9ae-49e0-4764-a646-ad7817d2f311-paper-14,RECOGNIZING AND UTILIZING NOVEL RESEARCH OPPORTUNITIES WITH ARTIFICIAL INTELLIGENCE,"von Krogh, Georg, Roberson, Quinetta, Gruber, Marc",2023,ACADEMY OF MANAGEMENT JOURNAL,2. 조직인사,국제 S급,10.5465/amj.2023.4002,0.555,0,review,partial,Enrichment limit 10 reached; Crossref lookup skipped to stay within Worker subrequest limits.,skipped,,,82,title keyword overlap 0.50; abstract keyword overlap 0.00; subtopic fit 0.25 (AI recruitment applicant reaction); combined relevance 0.29; citations 82; year 2023
T002,artificial intelligence recruitment applicant reaction,job-2649e9ae-49e0-4764-a646-ad7817d2f311,15,job-2649e9ae-49e0-4764-a646-ad7817d2f311-paper-15,"Renewing the resource-based view: New contexts, new concepts, and new methods","Helfat, Constance E., Kaul, Aseem, Ketchen, David J., Barney, Jay B., Chatain, Olivier",2023,STRATEGIC MANAGEMENT JOURNAL,2. 조직인사,국제 S급,10.1002/smj.3500,0.545,0,review,verified,title match; year match; journal match,failed,,,202,title keyword overlap 0.00; abstract keyword overlap 0.00; subtopic fit 0.15 (AI recruitment applicant reaction); combined relevance 0.00; citations 202; year 2023
T002,artificial intelligence recruitment applicant reaction,job-2649e9ae-49e0-4764-a646-ad7817d2f311,16,job-2649e9ae-49e0-4764-a646-ad7817d2f311-paper-16,WHEN CONSCIENTIOUS EMPLOYEES MEET INTELLIGENT MACHINES: AN INTEGRATIVE APPROACH INSPIRED BY COMPLEMENTARITY THEORY AND ROLE THEORY,"Tang, Pok Man, Koopman, Joel, McClean, Shawn T., Zhang, Jack H., Li, Chi Hon",2022,ACADEMY OF MANAGEMENT JOURNAL,2. 조직인사,국제 S급,10.5465/amj.2020.1516,0.535,0,review,verified,title match; year match; journal match,failed,,,238,title keyword overlap 0.00; abstract keyword overlap 0.00; subtopic fit 0.15 (AI recruitment applicant reaction); combined relevance 0.00; citations 238; year 2022
T002,artificial intelligence recruitment applicant reaction,job-2649e9ae-49e0-4764-a646-ad7817d2f311,17,job-2649e9ae-49e0-4764-a646-ad7817d2f311-paper-17,HUMANS AND TECHNOLOGY: FORMS OF CONJOINED AGENCY IN ORGANIZATIONS,"Murray, Alex, Rhymer, Jen, Sirmon, David G.",2021,ACADEMY OF MANAGEMENT REVIEW,2. 조직인사,국제 S급,10.5465/amr.2019.0186,0.525,0,review,verified,title match; year match; journal match,failed,,,321,title keyword overlap 0.00; abstract keyword overlap 0.00; subtopic fit 0.15 (AI recruitment applicant reaction); combined relevance 0.00; citations 321; year 2021
T002,artificial intelligence recruitment applicant reaction,job-2649e9ae-49e0-4764-a646-ad7817d2f311,18,job-2649e9ae-49e0-4764-a646-ad7817d2f311-paper-18,Training with AI: Evidence from chess computers,"Gaessler, Fabian, Piezunka, Henning",2023,STRATEGIC MANAGEMENT JOURNAL,2. 조직인사,국제 S급,10.1002/smj.3512,0.523,0.5,review,partial,Enrichment limit 10 reached; Crossref lookup skipped to stay within Worker subrequest limits.,skipped,,,50,title keyword overlap 0.50; abstract keyword overlap 0.50; subtopic fit 0.25 (AI recruitment applicant reaction); combined relevance 0.29; citations 50; year 2023
T002,artificial intelligence recruitment applicant reaction,job-2649e9ae-49e0-4764-a646-ad7817d2f311,19,job-2649e9ae-49e0-4764-a646-ad7817d2f311-paper-19,CEOemotions and firm valuation in initial coin offerings: An artificial emotional intelligence approach,"Momtaz, Paul P.",2021,STRATEGIC MANAGEMENT JOURNAL,2. 조직인사,국제 S급,10.1002/smj.3235,0.523,0.5,review,partial,Enrichment limit 10 reached; Crossref lookup skipped to stay within Worker subrequest limits.,skipped,,,76,title keyword overlap 0.50; abstract keyword overlap 0.50; subtopic fit 0.19 (AI recruitment applicant reaction); combined relevance 0.28; citations 76; year 2021
T002,artificial intelligence recruitment applicant reaction,job-2649e9ae-49e0-4764-a646-ad7817d2f311,20,job-2649e9ae-49e0-4764-a646-ad7817d2f311-paper-20,Machine learning and human capital complementarities: Experimental evidence on bias mitigation,"Choudhury, Prithwiraj, Starr, Evan, Agarwal, Rajshree",2020,STRATEGIC MANAGEMENT JOURNAL,2. 조직인사,국제 S급,10.1002/smj.3152,0.515,0,review,verified,title match; year match; journal match,failed,,,161,title keyword overlap 0.00; abstract keyword overlap 0.00; subtopic fit 0.25 (AI recruitment applicant reaction); combined relevance 0.00; citations 161; year 2020
T003,generative AI advertising effectiveness,job-8632fef4-e0c6-44e3-8b43-34b00df1236e,1,job-8632fef4-e0c6-44e3-8b43-34b00df1236e-paper-1,Preparing for an Era of Deepfakes and AI-Generated Ads: A Framework for Understanding Responses to Manipulated Advertising,"Campbell, Colin, Plangger, Kirk, Sands, Sean, Kietzmann, Jan",2022,JOURNAL OF ADVERTISING,5. 마케팅,국제 A1급,10.1080/00913367.2021.1909515,0.734,0.833,include,partial,Enrichment limit 10 reached; Crossref lookup skipped to stay within Worker subrequest limits.,skipped,,,183,title keyword overlap 0.67; abstract keyword overlap 0.83; subtopic fit 1.00 (generative AI advertising effectiveness); combined relevance 0.78; citations 183; year 2022
T003,generative AI advertising effectiveness,job-8632fef4-e0c6-44e3-8b43-34b00df1236e,2,job-8632fef4-e0c6-44e3-8b43-34b00df1236e-paper-2,AI-Human Hybrids for Marketing Research: Leveraging Large Language Models (LLMs) as Collaborators,"Arora, Neeraj, Chakraborty, Ishita, Nishimura, Yohei",2025,JOURNAL OF MARKETING,5. 마케팅,국제 S급,10.1177/00222429241276529,0.714,0.667,review,verified,title match; year match; journal match,failed,,,83,title keyword overlap 0.50; abstract keyword overlap 0.67; subtopic fit 0.58 (generative AI advertising effectiveness); combined relevance 0.48; citations 83; year 2025
T003,generative AI advertising effectiveness,job-8632fef4-e0c6-44e3-8b43-34b00df1236e,3,job-8632fef4-e0c6-44e3-8b43-34b00df1236e-paper-3,Frontiers: Generative AI and Personalized Video Advertisements,"Kapoor, Anuj, Kumar, Madhav",2025,MARKETING SCIENCE,5. 마케팅,국제 S급,10.1287/mksc.2023.0494,0.701,0.833,review,verified,title match; year match; journal match,failed,,,12,title keyword overlap 0.67; abstract keyword overlap 0.83; subtopic fit 0.67 (generative AI advertising effectiveness); combined relevance 0.64; citations 12; year 2025
T003,generative AI advertising effectiveness,job-8632fef4-e0c6-44e3-8b43-34b00df1236e,4,job-8632fef4-e0c6-44e3-8b43-34b00df1236e-paper-4,The Caring Machine: Feeling AI for Customer Care,"Huang, Ming-Hui, Rust, Roland T.",2024,JOURNAL OF MARKETING,5. 마케팅,국제 S급,10.1177/00222429231224748,0.692,0.667,review,verified,title match; year match; journal match,failed,,,181,title keyword overlap 0.50; abstract keyword overlap 0.67; subtopic fit 0.33 (generative AI advertising effectiveness); combined relevance 0.39; citations 181; year 2024
T003,generative AI advertising effectiveness,job-8632fef4-e0c6-44e3-8b43-34b00df1236e,5,job-8632fef4-e0c6-44e3-8b43-34b00df1236e-paper-5,Ideation with Generative AI-in Consumer Research and Beyond,"De Freitas, Julian, Nave, Gideon, Puntoni, Stefano",2025,JOURNAL OF CONSUMER RESEARCH,5. 마케팅,국제 S급,10.1093/jcr/ucaf012,0.677,0.667,review,verified,title match; year match; journal match,failed,,,22,title keyword overlap 0.67; abstract keyword overlap 0.67; subtopic fit 0.67 (generative AI advertising effectiveness); combined relevance 0.54; citations 22; year 2025
T003,generative AI advertising effectiveness,job-8632fef4-e0c6-44e3-8b43-34b00df1236e,6,job-8632fef4-e0c6-44e3-8b43-34b00df1236e-paper-6,Collaborating with Generative AI in Consumer Culture Research,"Epp, Amber M., Humphreys, Ashlee",2025,JOURNAL OF CONSUMER RESEARCH,5. 마케팅,국제 S급,10.1093/jcr/ucaf014,0.665,0.667,review,verified,title match; year match; journal match,failed,,,10,title keyword overlap 0.67; abstract keyword overlap 0.67; subtopic fit 0.67 (generative AI advertising effectiveness); combined relevance 0.54; citations 10; year 2025
T003,generative AI advertising effectiveness,job-8632fef4-e0c6-44e3-8b43-34b00df1236e,7,job-8632fef4-e0c6-44e3-8b43-34b00df1236e-paper-7,AI Companions Reduce Loneliness,"De Freitas, Julian, Oguz-Uguralp, Zeliha, Uguralp, Ahmet Kaan, Puntoni, Stefano",2026,JOURNAL OF CONSUMER RESEARCH,5. 마케팅,국제 S급,10.1093/jcr/ucaf040,0.657,0.667,review,verified,title match; year mismatch; journal match,failed,,,45,title keyword overlap 0.50; abstract keyword overlap 0.67; subtopic fit 0.33 (generative AI advertising effectiveness); combined relevance 0.39; citations 45; year 2026
T003,generative AI advertising effectiveness,job-8632fef4-e0c6-44e3-8b43-34b00df1236e,8,job-8632fef4-e0c6-44e3-8b43-34b00df1236e-paper-8,Picture Perfect: Engaging Customers with Visual Generative AI,"Heitmann, Mark, Jansen, Tijmen P. J., Reisenbichler, Martin, Schweidel, David A.",2025,JOURNAL OF MARKETING,5. 마케팅,국제 S급,10.1177/00222429251356993,0.642,0.833,review,partial,Enrichment limit 10 reached; Crossref lookup skipped to stay within Worker subrequest limits.,skipped,,,3,title keyword overlap 0.67; abstract keyword overlap 0.83; subtopic fit 0.83 (generative AI advertising effectiveness); combined relevance 0.71; citations 3; year 2025
T003,generative AI advertising effectiveness,job-8632fef4-e0c6-44e3-8b43-34b00df1236e,9,job-8632fef4-e0c6-44e3-8b43-34b00df1236e-paper-9,Leveraging Generative Artificial Intelligence to Create Visual Content in Digital Advertising,"Daviet, Remi, Nishimura, Yohei",2026,MARKETING SCIENCE,5. 마케팅,국제 S급,10.1287/mksc.2024.1130,0.638,0.833,review,partial,Enrichment limit 10 reached; Crossref lookup skipped to stay within Worker subrequest limits.,skipped,,,0,title keyword overlap 0.83; abstract keyword overlap 0.83; subtopic fit 0.67 (generative AI advertising effectiveness); combined relevance 0.68; citations 0; year 2026
T003,generative AI advertising effectiveness,job-8632fef4-e0c6-44e3-8b43-34b00df1236e,10,job-8632fef4-e0c6-44e3-8b43-34b00df1236e-paper-10,Chatbots and mental health: Insights into the safety of generative AI,"De Freitas, Julian, Uguralp, Ahmet Kaan, Oguz-Uguralp, Zeliha, Puntoni, Stefano",2024,JOURNAL OF CONSUMER PSYCHOLOGY,5. 마케팅,국제 A1급,10.1002/jcpy.1393,0.628,0.667,review,partial,Enrichment limit 10 reached; Crossref lookup skipped to stay within Worker subrequest limits.,skipped,,,115,title keyword overlap 0.67; abstract keyword overlap 0.67; subtopic fit 0.33 (generative AI advertising effectiveness); combined relevance 0.42; citations 115; year 2024
T003,generative AI advertising effectiveness,job-8632fef4-e0c6-44e3-8b43-34b00df1236e,11,job-8632fef4-e0c6-44e3-8b43-34b00df1236e-paper-11,Artificial intelligence in innovation management: A review of innovation capabilities and a taxonomy of AI applications,"Gama, Fabio, Magistretti, Stefano",2025,JOURNAL OF PRODUCT INNOVATION MANAGEMENT,5. 마케팅,국제 A1급,10.1111/jpim.12698,0.627,0.667,review,partial,Enrichment limit 10 reached; Crossref lookup skipped to stay within Worker subrequest limits.,skipped,,,227,title keyword overlap 0.50; abstract keyword overlap 0.67; subtopic fit 0.33 (generative AI advertising effectiveness); combined relevance 0.39; citations 227; year 2025
T003,generative AI advertising effectiveness,job-8632fef4-e0c6-44e3-8b43-34b00df1236e,12,job-8632fef4-e0c6-44e3-8b43-34b00df1236e-paper-12,"New Tools, New Rules: A Practical Guide to Effective and Responsible Generative AI Use for Surveys and Experiments in Research","Blanchard, Simon J., Duani, Nofar, Garvey, Aaron M., Netzer, Oded, Oh, Travis Tae",2025,JOURNAL OF MARKETING,5. 마케팅,국제 S급,10.1177/00222429251349882,0.624,0.667,review,verified,title match; year match; journal match,failed,,,11,title keyword overlap 0.67; abstract keyword overlap 0.67; subtopic fit 0.33 (generative AI advertising effectiveness); combined relevance 0.42; citations 11; year 2025
T003,generative AI advertising effectiveness,job-8632fef4-e0c6-44e3-8b43-34b00df1236e,13,job-8632fef4-e0c6-44e3-8b43-34b00df1236e-paper-13,Generative AI in innovation and marketing processes: A roadmap of research opportunities,"Cillo, Paola, Rubera, Gaia",2025,JOURNAL OF THE ACADEMY OF MARKETING SCIENCE,5. 마케팅,국제 A1급,10.1007/s11747-024-01044-7,0.622,0.667,review,partial,Enrichment limit 10 reached; Crossref lookup skipped to stay within Worker subrequest limits.,skipped,,,84,title keyword overlap 0.67; abstract keyword overlap 0.67; subtopic fit 0.33 (generative AI advertising effectiveness); combined relevance 0.42; citations 84; year 2025
T003,generative AI advertising effectiveness,job-8632fef4-e0c6-44e3-8b43-34b00df1236e,14,job-8632fef4-e0c6-44e3-8b43-34b00df1236e-paper-14,"On ChatGPT and beyond: How generative artificial intelligence may affect research, teaching, and practice","Peres, Renana, Schreier, Martin, Schweidel, David, Sorescu, Alina",2023,INTERNATIONAL JOURNAL OF RESEARCH IN MARKETING,5. 마케팅,국제 A1급,10.1016/j.ijresmar.2023.03.001,0.618,0.667,review,partial,Enrichment limit 10 reached; Crossref lookup skipped to stay within Worker subrequest limits.,skipped,,,284,title keyword overlap 0.67; abstract keyword overlap 0.67; subtopic fit 0.33 (generative AI advertising effectiveness); combined relevance 0.42; citations 284; year 2023
T003,generative AI advertising effectiveness,job-8632fef4-e0c6-44e3-8b43-34b00df1236e,15,job-8632fef4-e0c6-44e3-8b43-34b00df1236e-paper-15,The GenAI Future of Consumer Research,"Huang, Ming-Hui, Rust, Roland T.",2025,JOURNAL OF CONSUMER RESEARCH,5. 마케팅,국제 S급,10.1093/jcr/ucaf013,0.615,0.667,review,verified,title match; year match; journal match,failed,,,24,title keyword overlap 0.00; abstract keyword overlap 0.67; subtopic fit 0.58 (generative AI advertising effectiveness); combined relevance 0.36; citations 24; year 2025
T003,generative AI advertising effectiveness,job-8632fef4-e0c6-44e3-8b43-34b00df1236e,16,job-8632fef4-e0c6-44e3-8b43-34b00df1236e-paper-16,Unveiling the Mind of the Machine,"Clegg, Melanie, Hofstetter, Reto, de Bellis, Emanuel, Schmitt, Bernd H.",2023,JOURNAL OF CONSUMER RESEARCH,5. 마케팅,국제 S급,10.1093/jcr/ucad075,0.587,0.667,review,verified,title match; year match; journal match,failed,,,46,title keyword overlap 0.00; abstract keyword overlap 0.67; subtopic fit 0.25 (generative AI advertising effectiveness); combined relevance 0.27; citations 46; year 2023
T003,generative AI advertising effectiveness,job-8632fef4-e0c6-44e3-8b43-34b00df1236e,17,job-8632fef4-e0c6-44e3-8b43-34b00df1236e-paper-17,"Twin-2K-500: A Data Set for Building Digital Twins of over 2,000 People Based on Their Answers to over 500 Questions","Toubia, Olivier, Gui, George Z., Peng, Tianyi, Merlau, Daniel J., Li, Ang",2025,MARKETING SCIENCE,5. 마케팅,국제 S급,10.1287/mksc.2025.0262,0.567,0.667,review,verified,title match; year match; journal match,failed,,,6,title keyword overlap 0.00; abstract keyword overlap 0.67; subtopic fit 0.25 (generative AI advertising effectiveness); combined relevance 0.27; citations 6; year 2025
T003,generative AI advertising effectiveness,job-8632fef4-e0c6-44e3-8b43-34b00df1236e,18,job-8632fef4-e0c6-44e3-8b43-34b00df1236e-paper-18,Bots Bargaining with Humans: Building AI Super-Bargainers with Algorithmic Anthropomorphization,"Chaudhuri, Sumon, De Bruyn, Arnaud",2026,JOURNAL OF MARKETING RESEARCH,5. 마케팅,국제 S급,10.1177/00222437251375323,0.537,0.667,review,partial,Enrichment limit 10 reached; Crossref lookup skipped to stay within Worker subrequest limits.,skipped,,,0,title keyword overlap 0.50; abstract keyword overlap 0.67; subtopic fit 0.33 (generative AI advertising effectiveness); combined relevance 0.39; citations 0; year 2026
T003,generative AI advertising effectiveness,job-8632fef4-e0c6-44e3-8b43-34b00df1236e,19,job-8632fef4-e0c6-44e3-8b43-34b00df1236e-paper-19,GenAI and Consumer Research: Are We the Last Generation of Human Consumer Researchers?,"Schmitt, Bernd",2025,JOURNAL OF CONSUMER RESEARCH,5. 마케팅,국제 S급,10.1093/jcr/ucaf015,0.494,0.5,review,partial,Enrichment limit 10 reached; Crossref lookup skipped to stay within Worker subrequest limits.,skipped,,,4,title keyword overlap 0.00; abstract keyword overlap 0.50; subtopic fit 0.67 (generative AI advertising effectiveness); combined relevance 0.29; citations 4; year 2025
T003,generative AI advertising effectiveness,job-8632fef4-e0c6-44e3-8b43-34b00df1236e,20,job-8632fef4-e0c6-44e3-8b43-34b00df1236e-paper-20,Applying Large Language Models to Sponsored Search Advertising,"Reisenbichler, Martin, Reutterer, Thomas, Schweidel, David A.",2026,MARKETING SCIENCE,5. 마케팅,국제 S급,10.1287/mksc.2023.0611,0.448,0.167,review,partial,Enrichment limit 10 reached; Crossref lookup skipped to stay within Worker subrequest limits.,skipped,,,0,title keyword overlap 0.17; abstract keyword overlap 0.17; subtopic fit 0.67 (generative AI advertising effectiveness); combined relevance 0.14; citations 0; year 2026
T004,algorithmic management employee trust,job-96f2c5b4-7887-4ba2-838a-0b5eb5f3f28a,1,job-96f2c5b4-7887-4ba2-838a-0b5eb5f3f28a-paper-1,THE ROLE OF HUMAN MANAGERS WITHIN ALGORITHMIC PERFORMANCE MANAGEMENT SYSTEMS: A PROCESS MODEL OF EMPLOYEE TRUST IN MANAGERS THROUGH REFLEXIVITY,"Leavitt, Keith, Barnes, Christopher M., Shapiro, Debra L.",2025,ACADEMY OF MANAGEMENT REVIEW,2. 조직인사,국제 S급,10.5465/amr.2022.0058,0.838,0,include,verified,title match; year match; journal match,failed,,,23,title keyword overlap 1.00; abstract keyword overlap 0.00; subtopic fit 1.00; combined relevance 1.00; citations 23; year 2025
T004,algorithmic management employee trust,job-96f2c5b4-7887-4ba2-838a-0b5eb5f3f28a,2,job-96f2c5b4-7887-4ba2-838a-0b5eb5f3f28a-paper-2,"The Making of the ""Good Bad"" Job: How Algorithmic Management Manufactures Consent Through Constant and Confined Choices","Cameron, Lindsey D.",2024,ADMINISTRATIVE SCIENCE QUARTERLY,2. 조직인사,국제 S급,10.1177/00018392241236163,0.722,0.5,include,verified,title match; year match; journal match,failed,,,92,title keyword overlap 0.50; abstract keyword overlap 0.50; subtopic fit 1.00; combined relevance 0.50; citations 92; year 2024
T004,algorithmic management employee trust,job-96f2c5b4-7887-4ba2-838a-0b5eb5f3f28a,3,job-96f2c5b4-7887-4ba2-838a-0b5eb5f3f28a-paper-3,Resisting the Algorithmic Management of Science: Craft and Community After Generative AI,"Bechky, Beth A., Davis, Gerald F.",2025,ADMINISTRATIVE SCIENCE QUARTERLY,2. 조직인사,국제 S급,10.1177/00018392241304403,0.678,0,review,verified,title match; year mismatch; journal match,failed,,,38,title keyword overlap 0.50; abstract keyword overlap 0.00; subtopic fit 1.00; combined relevance 0.50; citations 38; year 2025
T004,algorithmic management employee trust,job-96f2c5b4-7887-4ba2-838a-0b5eb5f3f28a,4,job-96f2c5b4-7887-4ba2-838a-0b5eb5f3f28a-paper-4,A multilevel review of artificial intelligence in organizations: Implications for organizational behavior research and practice,"Bankins, Sarah, Ocampo, Anna Carmella, Marrone, Mauricio, Restubog, Simon Lloyd D., Woo, Sang Eun",2024,JOURNAL OF ORGANIZATIONAL BEHAVIOR,2. 조직인사,국제 A1급,10.1002/job.2735,0.678,0.5,review,verified,title match; year mismatch; journal match,failed,,,371,title keyword overlap 0.00; abstract keyword overlap 0.50; subtopic fit 1.00; combined relevance 0.35; citations 371; year 2024
T004,algorithmic management employee trust,job-96f2c5b4-7887-4ba2-838a-0b5eb5f3f28a,5,job-96f2c5b4-7887-4ba2-838a-0b5eb5f3f28a-paper-5,The Organizational Psychology of Gig Work: An Integrative Conceptual Review,"Cropanzano, Russell, Keplinger, Ksenia, Lambert, Brittany K., Caza, Brianna, Ashford, Susan J.",2023,JOURNAL OF APPLIED PSYCHOLOGY,2. 조직인사,국제 A1급,10.1037/apl0001029,0.668,0.5,review,verified,title match; year match; journal match,failed,,,208,title keyword overlap 0.00; abstract keyword overlap 0.50; subtopic fit 1.00; combined relevance 0.35; citations 208; year 2023
T004,algorithmic management employee trust,job-96f2c5b4-7887-4ba2-838a-0b5eb5f3f28a,6,job-96f2c5b4-7887-4ba2-838a-0b5eb5f3f28a-paper-6,Algorithmic management in the gig economy: A systematic review and research integration,"Kadolkar, Imran, Kepes, Sven, Subramony, Mahesh",2025,JOURNAL OF ORGANIZATIONAL BEHAVIOR,2. 조직인사,국제 A1급,10.1002/job.2831,0.631,0.5,review,partial,Enrichment limit 10 reached; Crossref lookup skipped to stay within Worker subrequest limits.,skipped,,,66,title keyword overlap 0.50; abstract keyword overlap 0.50; subtopic fit 1.00; combined relevance 0.50; citations 66; year 2025
T004,algorithmic management employee trust,job-96f2c5b4-7887-4ba2-838a-0b5eb5f3f28a,7,job-96f2c5b4-7887-4ba2-838a-0b5eb5f3f28a-paper-7,Creation of the algorithmic management questionnaire: A six-phase scale development process,"Parent-Rocheleau, Xavier, Parker, Sharon K. K., Bujold, Antoine, Gaudet, Marie-Claude",2024,HUMAN RESOURCE MANAGEMENT,2. 조직인사,국제 A1급,10.1002/hrm.22185,0.629,0.5,review,partial,Enrichment limit 10 reached; Crossref lookup skipped to stay within Worker subrequest limits.,skipped,,,74,title keyword overlap 0.50; abstract keyword overlap 0.50; subtopic fit 1.00; combined relevance 0.50; citations 74; year 2024
T004,algorithmic management employee trust,job-96f2c5b4-7887-4ba2-838a-0b5eb5f3f28a,8,job-96f2c5b4-7887-4ba2-838a-0b5eb5f3f28a-paper-8,The Invisible Cage: Workers' Reactivity to Opaque Algorithmic Evaluations,"Rahman, Hatim A.",2021,ADMINISTRATIVE SCIENCE QUARTERLY,2. 조직인사,국제 S급,10.1177/00018392211010118,0.613,0,review,verified,title match; year match; journal match,failed,,,253,title keyword overlap 0.25; abstract keyword overlap 0.00; subtopic fit 1.00; combined relevance 0.25; citations 253; year 2021
T004,algorithmic management employee trust,job-96f2c5b4-7887-4ba2-838a-0b5eb5f3f28a,9,job-96f2c5b4-7887-4ba2-838a-0b5eb5f3f28a-paper-9,Algorithmic HRM control in the gig economy: The app-worker perspective,"Duggan, James, Carbery, Ronan, McDonnell, Anthony, Sherman, Ultan",2023,HUMAN RESOURCE MANAGEMENT,2. 조직인사,국제 A1급,10.1002/hrm.22168,0.612,0.5,review,partial,Enrichment limit 10 reached; Crossref lookup skipped to stay within Worker subrequest limits.,skipped,,,93,title keyword overlap 0.25; abstract keyword overlap 0.50; subtopic fit 1.00; combined relevance 0.42; citations 93; year 2023
T004,algorithmic management employee trust,job-96f2c5b4-7887-4ba2-838a-0b5eb5f3f28a,10,job-96f2c5b4-7887-4ba2-838a-0b5eb5f3f28a-paper-10,Dark side of algorithmic management on platform worker behaviors: A mixed-method study,"Lu, Ying, Yang, Miles M., Zhu, Jianhua, Wang, Ying",2024,HUMAN RESOURCE MANAGEMENT,2. 조직인사,국제 A1급,10.1002/hrm.22211,0.61,0.5,review,partial,Enrichment limit 10 reached; Crossref lookup skipped to stay within Worker subrequest limits.,skipped,,,55,title keyword overlap 0.50; abstract keyword overlap 0.50; subtopic fit 1.00; combined relevance 0.50; citations 55; year 2024
T004,algorithmic management employee trust,job-96f2c5b4-7887-4ba2-838a-0b5eb5f3f28a,11,job-96f2c5b4-7887-4ba2-838a-0b5eb5f3f28a-paper-11,Make Way for the Algorithms: Symbolic Actions and Change in a Regime of Knowing,"Pachidi, Stella, Berends, Hans, Faraj, Samer, Huysman, Marleen",2021,ORGANIZATION SCIENCE,2. 조직인사,국제 A1급,10.1287/orsc.2020.1377,0.586,0.25,review,verified,title match; year match; journal match,failed,,,146,title keyword overlap 0.00; abstract keyword overlap 0.25; subtopic fit 1.00; combined relevance 0.17; citations 146; year 2021
T004,algorithmic management employee trust,job-96f2c5b4-7887-4ba2-838a-0b5eb5f3f28a,12,job-96f2c5b4-7887-4ba2-838a-0b5eb5f3f28a-paper-12,Algorithms and their Affordances: How Crowdworkers Manage Algorithmic Scores in Online Labour Markets,"Bellesia, Francesca, Mattarelli, Elisa, Bertolotti, Fabiola",2023,JOURNAL OF MANAGEMENT STUDIES,2. 조직인사,국제 A1급,10.1111/joms.12870,0.578,0.5,review,partial,Enrichment limit 10 reached; Crossref lookup skipped to stay within Worker subrequest limits.,skipped,,,59,title keyword overlap 0.25; abstract keyword overlap 0.50; subtopic fit 1.00; combined relevance 0.42; citations 59; year 2023
T004,algorithmic management employee trust,job-96f2c5b4-7887-4ba2-838a-0b5eb5f3f28a,13,job-96f2c5b4-7887-4ba2-838a-0b5eb5f3f28a-paper-13,Managing by Data: Algorithmic Categories and Organizing,"Alaimo, Cristina, Kallinikos, Jannis",2021,ORGANIZATION STUDIES,2. 조직인사,국제 A1급,10.1177/0170840620934062,0.538,0,review,partial,Enrichment limit 10 reached; Crossref lookup skipped to stay within Worker subrequest limits.,skipped,,,110,title keyword overlap 0.25; abstract keyword overlap 0.00; subtopic fit 1.00; combined relevance 0.25; citations 110; year 2021
T004,algorithmic management employee trust,job-96f2c5b4-7887-4ba2-838a-0b5eb5f3f28a,14,job-96f2c5b4-7887-4ba2-838a-0b5eb5f3f28a-paper-14,The future of the web? The coordination and early-stage growth of decentralized platforms,"Hsieh, Ying-Ying, Vergne, Jean-Philippe",2023,STRATEGIC MANAGEMENT JOURNAL,2. 조직인사,국제 S급,10.1002/smj.3455,0.523,0,review,verified,title match; year mismatch; journal match,failed,,,78,title keyword overlap 0.00; abstract keyword overlap 0.00; subtopic fit 1.00; combined relevance 0.00; citations 78; year 2023
T004,algorithmic management employee trust,job-96f2c5b4-7887-4ba2-838a-0b5eb5f3f28a,15,job-96f2c5b4-7887-4ba2-838a-0b5eb5f3f28a-paper-15,"In the Land of the Blind, the One-Eyed Man Is King: Knowledge Brokerage in the Age of Learning Algorithms","Waardenburg, Lauren, Huysman, Marleen, Sergeeva, Anastasia V.",2022,ORGANIZATION SCIENCE,2. 조직인사,국제 A1급,10.1287/orsc.2021.1544,0.521,0.25,review,partial,Enrichment limit 10 reached; Crossref lookup skipped to stay within Worker subrequest limits.,skipped,,,111,title keyword overlap 0.00; abstract keyword overlap 0.25; subtopic fit 1.00; combined relevance 0.17; citations 111; year 2022
T004,algorithmic management employee trust,job-96f2c5b4-7887-4ba2-838a-0b5eb5f3f28a,16,job-96f2c5b4-7887-4ba2-838a-0b5eb5f3f28a-paper-16,Algorithm Supported Induction for Building Theory: How Can We Use Prediction Models to Theorize?,"Shrestha, Yash Raj, He, Vivianna Fang, Puranam, Phanish, von Krogh, Georg",2021,ORGANIZATION SCIENCE,2. 조직인사,국제 A1급,10.1287/orsc.2020.1382,0.511,0.25,review,partial,Enrichment limit 10 reached; Crossref lookup skipped to stay within Worker subrequest limits.,skipped,,,111,title keyword overlap 0.00; abstract keyword overlap 0.25; subtopic fit 1.00; combined relevance 0.17; citations 111; year 2021
T004,algorithmic management employee trust,job-96f2c5b4-7887-4ba2-838a-0b5eb5f3f28a,17,job-96f2c5b4-7887-4ba2-838a-0b5eb5f3f28a-paper-17,Human-AI Ensembles: When Can They Work?,"Choudhary, Vivek, Marchetti, Arianna, Shrestha, Yash Raj, Puranam, Phanish",2025,JOURNAL OF MANAGEMENT,2. 조직인사,국제 A1급,10.1177/01492063231194968,0.49,0,review,partial,Enrichment limit 10 reached; Crossref lookup skipped to stay within Worker subrequest limits.,skipped,,,125,title keyword overlap 0.00; abstract keyword overlap 0.00; subtopic fit 1.00; combined relevance 0.00; citations 125; year 2025
T004,algorithmic management employee trust,job-96f2c5b4-7887-4ba2-838a-0b5eb5f3f28a,18,job-96f2c5b4-7887-4ba2-838a-0b5eb5f3f28a-paper-18,Dynamism and realignment in the HR architecture: Online labor platform ecosystems and the key role of contractors,"Keegan, Anne, Meijerink, Jeroen",2023,HUMAN RESOURCE MANAGEMENT,2. 조직인사,국제 A1급,10.1002/hrm.22120,0.489,0.25,review,partial,Enrichment limit 10 reached; Crossref lookup skipped to stay within Worker subrequest limits.,skipped,,,58,title keyword overlap 0.00; abstract keyword overlap 0.25; subtopic fit 1.00; combined relevance 0.17; citations 58; year 2023
T004,algorithmic management employee trust,job-96f2c5b4-7887-4ba2-838a-0b5eb5f3f28a,19,job-96f2c5b4-7887-4ba2-838a-0b5eb5f3f28a-paper-19,Decision authority and the returns to algorithms,"Kim, Hyunjin, Glaeser, Edward L., Hillis, Andrew, Kominers, Scott Duke, Luca, Michael",2024,STRATEGIC MANAGEMENT JOURNAL,2. 조직인사,국제 S급,10.1002/smj.3569,0.48,0,review,verified,title match; year mismatch; journal match,failed,,,25,title keyword overlap 0.00; abstract keyword overlap 0.00; subtopic fit 1.00; combined relevance 0.00; citations 25; year 2024
T004,algorithmic management employee trust,job-96f2c5b4-7887-4ba2-838a-0b5eb5f3f28a,20,job-96f2c5b4-7887-4ba2-838a-0b5eb5f3f28a-paper-20,AI orchestrator: How recommendation algorithms shape complementor strategy and market equality,"Zhang, Xiaowei (Elliott), Tong, Siliang (Jack), Luo, Xueming, Lin, Zhijie, Li, Jing",2026,STRATEGIC MANAGEMENT JOURNAL,2. 조직인사,국제 S급,10.1002/smj.70073,0.475,0,review,verified,title match; year match; journal match,failed,,,0,title keyword overlap 0.00; abstract keyword overlap 0.00; subtopic fit 1.00; combined relevance 0.00; citations 0; year 2026
T005,AI transparency consumer trust,job-7c6f8c62-0403-4f3c-b9d4-bfdc4e54d743,1,job-7c6f8c62-0403-4f3c-b9d4-bfdc4e54d743-paper-1,Transparency Matters: Psychological Ownership and Trust as Mediators of Explainable Artificial Intelligence Effectiveness,"Malodia, Suresh, Shukla, Yupal, Sharma, Kirti, Bilgihan, Anil",2026,PSYCHOLOGY & MARKETING,5. 마케팅,국제 A1급,10.1002/mar.70129,0.767,0.667,include,verified,title match; year match; journal match,failed,,,0,title keyword overlap 0.83; abstract keyword overlap 0.67; subtopic fit 1.00; combined relevance 0.83; citations 0; year 2026
T005,AI transparency consumer trust,job-7c6f8c62-0403-4f3c-b9d4-bfdc4e54d743,2,job-7c6f8c62-0403-4f3c-b9d4-bfdc4e54d743-paper-2,The AI Agent in the Room: Rethinking Consumer Decision-Making in the Age of Autonomous AI,"Bilgihan, Anil, Ostinelli, Massimiliano (Max), Lorenz, Melanie, Zhang, Ye",2026,PSYCHOLOGY & MARKETING,5. 마케팅,국제 A1급,10.1002/mar.70165,0.749,0.833,include,verified,title match; year match; journal match,failed,,,0,title keyword overlap 0.67; abstract keyword overlap 0.83; subtopic fit 1.00; combined relevance 0.78; citations 0; year 2026
T005,AI transparency consumer trust,job-7c6f8c62-0403-4f3c-b9d4-bfdc4e54d743,3,job-7c6f8c62-0403-4f3c-b9d4-bfdc4e54d743-paper-3,The Dilemma of Carbon-Conscious Consumers: A Multi-Study Investigation of Carbon Transparency in AI Use,"Naidoo, Vik",2026,PSYCHOLOGY & MARKETING,5. 마케팅,국제 A1급,10.1002/mar.70143,0.708,0.5,review,verified,title match; year match; journal match,failed,,,0,title keyword overlap 0.67; abstract keyword overlap 0.50; subtopic fit 1.00; combined relevance 0.67; citations 0; year 2026
T005,AI transparency consumer trust,job-7c6f8c62-0403-4f3c-b9d4-bfdc4e54d743,4,job-7c6f8c62-0403-4f3c-b9d4-bfdc4e54d743-paper-4,They Made It Just for Me! How AI Transparency and Influencer Well-Being Shape Consumer Responses to AI-Driven Content,"Qadri, Usman Ahmad, Moustafa, Alsadig Mohamed Ahmed",2026,PSYCHOLOGY & MARKETING,5. 마케팅,국제 A1급,10.1002/mar.70075,0.692,0.667,review,partial,Enrichment limit 10 reached; Crossref lookup skipped to stay within Worker subrequest limits.,skipped,,,0,title keyword overlap 0.83; abstract keyword overlap 0.67; subtopic fit 1.00; combined relevance 0.83; citations 0; year 2026
T005,AI transparency consumer trust,job-7c6f8c62-0403-4f3c-b9d4-bfdc4e54d743,5,job-7c6f8c62-0403-4f3c-b9d4-bfdc4e54d743-paper-5,Machine learning and AI in marketing - Connecting computing power to human insights,"Ma, Liye, Sun, Baohong",2020,INTERNATIONAL JOURNAL OF RESEARCH IN MARKETING,5. 마케팅,국제 A1급,10.1016/j.ijresmar.2020.04.005,0.69,0.5,review,verified,title match; year match; journal match,failed,,,278,title keyword overlap 0.50; abstract keyword overlap 0.50; subtopic fit 1.00; combined relevance 0.50; citations 278; year 2020
T005,AI transparency consumer trust,job-7c6f8c62-0403-4f3c-b9d4-bfdc4e54d743,6,job-7c6f8c62-0403-4f3c-b9d4-bfdc4e54d743-paper-6,Designing Collaborative Intelligence Systems for Employee-AI Service Co-Production,"Blaurock, Marah, Buettgen, Marion, Schepers, Jeroen",2025,JOURNAL OF SERVICE RESEARCH,5. 마케팅,국제 A1급,10.1177/10946705241238751,0.683,0.5,review,verified,title match; year mismatch; journal match,failed,,,43,title keyword overlap 0.50; abstract keyword overlap 0.50; subtopic fit 1.00; combined relevance 0.50; citations 43; year 2025
T005,AI transparency consumer trust,job-7c6f8c62-0403-4f3c-b9d4-bfdc4e54d743,7,job-7c6f8c62-0403-4f3c-b9d4-bfdc4e54d743-paper-7,AI on the street: Context-dependent responses to artificial intelligence,"Dorotic, Matilda, Stagno, Emanuela, Warlop, Luk",2024,INTERNATIONAL JOURNAL OF RESEARCH IN MARKETING,5. 마케팅,국제 A1급,10.1016/j.ijresmar.2023.08.010,0.668,0.5,review,verified,title match; year match; journal match,failed,,,38,title keyword overlap 0.50; abstract keyword overlap 0.50; subtopic fit 1.00; combined relevance 0.50; citations 38; year 2024
T005,AI transparency consumer trust,job-7c6f8c62-0403-4f3c-b9d4-bfdc4e54d743,8,job-7c6f8c62-0403-4f3c-b9d4-bfdc4e54d743-paper-8,The MADE Framework: Best Practices for Creating Effective Experimental Stimuli Using Generative AI,"van Berlo, Zeph M. C., Campbell, Colin, Voorveld, Hilde A. M.",2024,JOURNAL OF ADVERTISING,5. 마케팅,국제 A1급,10.1080/00913367.2024.2397777,0.66,0,review,verified,title match; year match; journal match,failed,,,30,title keyword overlap 0.50; abstract keyword overlap 0.00; subtopic fit 1.00; combined relevance 0.50; citations 30; year 2024
T005,AI transparency consumer trust,job-7c6f8c62-0403-4f3c-b9d4-bfdc4e54d743,9,job-7c6f8c62-0403-4f3c-b9d4-bfdc4e54d743-paper-9,"Immersive and Generative Technology: New Tools for Marketing, New Tools for Consumer Response","Pizzi, Gabriele, Matta, Shashi, Caboni, Federica, Stewart, David W.",2025,PSYCHOLOGY & MARKETING,5. 마케팅,국제 A1급,10.1002/mar.70036,0.651,0.667,review,verified,title match; year match; journal match,failed,,,5,title keyword overlap 0.17; abstract keyword overlap 0.67; subtopic fit 1.00; combined relevance 0.52; citations 5; year 2025
T005,AI transparency consumer trust,job-7c6f8c62-0403-4f3c-b9d4-bfdc4e54d743,10,job-7c6f8c62-0403-4f3c-b9d4-bfdc4e54d743-paper-10,Regulating Explainable Artificial Intelligence (XAI) May Harm Consumers,"Mohammadi, Behnam, Malik, Nikhil, Derdenger, Tim, Srinivasan, Kannan",2025,MARKETING SCIENCE,5. 마케팅,국제 S급,10.1287/mksc.2022.0396,0.645,0.5,review,verified,title match; year match; journal match,failed,,,5,title keyword overlap 0.50; abstract keyword overlap 0.50; subtopic fit 1.00; combined relevance 0.50; citations 5; year 2025
T005,AI transparency consumer trust,job-7c6f8c62-0403-4f3c-b9d4-bfdc4e54d743,11,job-7c6f8c62-0403-4f3c-b9d4-bfdc4e54d743-paper-11,AI strategy for global brand identity☆,"Gupta, S., Melewar, T. C., Foroudi, P.",2025,INDUSTRIAL MARKETING MANAGEMENT,5. 마케팅,국제 A1급,10.1016/j.indmarman.2025.10.007,0.641,0.5,review,verified,title match; year match; journal match,failed,,,1,title keyword overlap 0.50; abstract keyword overlap 0.50; subtopic fit 1.00; combined relevance 0.50; citations 1; year 2025
T005,AI transparency consumer trust,job-7c6f8c62-0403-4f3c-b9d4-bfdc4e54d743,12,job-7c6f8c62-0403-4f3c-b9d4-bfdc4e54d743-paper-12,How Women Respond to Computer-Generated Inclusive Advertising: Advocating for Body Positivity in the Age of AI,"Xie, Quan, Muralidharan, Sidharth, Phua, Joe",2026,JOURNAL OF ADVERTISING,5. 마케팅,국제 A1급,10.1080/00913367.2026.2640989,0.575,0,review,partial,Enrichment limit 10 reached; Crossref lookup skipped to stay within Worker subrequest limits.,skipped,,,0,title keyword overlap 0.50; abstract keyword overlap 0.00; subtopic fit 1.00; combined relevance 0.50; citations 0; year 2026
T006,chatbot service failure customer satisfaction,job-7f9847c9-8de7-4434-886f-dcaca44975ce,1,job-7f9847c9-8de7-4434-886f-dcaca44975ce-paper-1,The effect of implementing chatbot customer service on stock returns: an event study analysis,"Fotheringham, Darima, Wiles, Michael A.",2023,JOURNAL OF THE ACADEMY OF MARKETING SCIENCE,5. 마케팅,국제 A1급,10.1007/s11747-022-00841-2,0.741,0.4,include,verified,title match; year mismatch; journal match,failed,,,86,title keyword overlap 0.60; abstract keyword overlap 0.40; subtopic fit 1.00; combined relevance 0.60; citations 86; year 2023
T006,chatbot service failure customer satisfaction,job-7f9847c9-8de7-4434-886f-dcaca44975ce,2,job-7f9847c9-8de7-4434-886f-dcaca44975ce-paper-2,"Exploring the relationship between chatbots, service failure recovery and customer loyalty: A frustration-aggression perspective","Ozuem, Wilson, Ranfagni, Silvia, Willis, Michelle, Salvietti, Giada, Howell, Kerry",2024,PSYCHOLOGY & MARKETING,5. 마케팅,국제 A1급,10.1002/mar.22051,0.696,0.6,review,verified,title match; year match; journal match,failed,,,31,title keyword overlap 0.60; abstract keyword overlap 0.60; subtopic fit 1.00; combined relevance 0.60; citations 31; year 2024
T006,chatbot service failure customer satisfaction,job-7f9847c9-8de7-4434-886f-dcaca44975ce,3,job-7f9847c9-8de7-4434-886f-dcaca44975ce-paper-3,Blame the Bot: Anthropomorphism and Anger in Customer-Chatbot Interactions,"Crolic, Cammy, Thomaz, Felipe, Hadi, Rhonda, Stephen, Andrew T.",2022,JOURNAL OF MARKETING,5. 마케팅,국제 S급,10.1177/00222429211045687,0.675,0.4,review,verified,title match; year mismatch; journal match,failed,,,507,title keyword overlap 0.40; abstract keyword overlap 0.40; subtopic fit 1.00; combined relevance 0.40; citations 507; year 2022
T006,chatbot service failure customer satisfaction,job-7f9847c9-8de7-4434-886f-dcaca44975ce,4,job-7f9847c9-8de7-4434-886f-dcaca44975ce-paper-4,Factors influencing users' adoption and use of conversational agents: A systematic review,"Ling, Erin Chao, Tussyadiah, Iis, Tuomi, Aarni, Stienmetz, Jason, Ioannou, Athina",2021,PSYCHOLOGY & MARKETING,5. 마케팅,국제 A1급,10.1002/mar.21491,0.672,0.6,review,verified,title match; year match; journal match,failed,,,145,title keyword overlap 0.00; abstract keyword overlap 0.60; subtopic fit 1.00; combined relevance 0.42; citations 145; year 2021
T006,chatbot service failure customer satisfaction,job-7f9847c9-8de7-4434-886f-dcaca44975ce,5,job-7f9847c9-8de7-4434-886f-dcaca44975ce-paper-5,"Rage Against the Machine: Experimental Insights into Customers' Negative Emotional Responses, Attributions of Responsibility, and Coping Strategies in Artificial Intelligence-Based Service Failures","Pavone, Giulia, Meyer-Waarden, Lars, Munzel, Andreas",2023,JOURNAL OF INTERACTIVE MARKETING,5. 마케팅,국제 A1급,10.1177/10949968221134492,0.664,0.4,review,verified,title match; year mismatch; journal match,failed,,,107,title keyword overlap 0.20; abstract keyword overlap 0.40; subtopic fit 1.00; combined relevance 0.34; citations 107; year 2023
T006,chatbot service failure customer satisfaction,job-7f9847c9-8de7-4434-886f-dcaca44975ce,6,job-7f9847c9-8de7-4434-886f-dcaca44975ce-paper-6,What impacts customer experience for B2B enterprises on using AI-enabled chatbots? Insights from Big data analytics,"Kushwaha, Amit Kumar, Kumar, Prashant, Kar, Arpan Kumar",2021,INDUSTRIAL MARKETING MANAGEMENT,5. 마케팅,국제 A1급,10.1016/j.indmarman.2021.08.011,0.644,0.4,review,verified,title match; year match; journal match,failed,,,160,title keyword overlap 0.20; abstract keyword overlap 0.40; subtopic fit 1.00; combined relevance 0.34; citations 160; year 2021
T006,chatbot service failure customer satisfaction,job-7f9847c9-8de7-4434-886f-dcaca44975ce,7,job-7f9847c9-8de7-4434-886f-dcaca44975ce-paper-7,Chatbot or human? The impact of online customer service on consumers' purchase intentions,"Chen, Shili, Li, Xiaolin, Liu, Kecheng, Wang, Xuesong",2023,PSYCHOLOGY & MARKETING,5. 마케팅,국제 A1급,10.1002/mar.21862,0.63,0.6,review,partial,Enrichment limit 10 reached; Crossref lookup skipped to stay within Worker subrequest limits.,skipped,,,50,title keyword overlap 0.60; abstract keyword overlap 0.60; subtopic fit 1.00; combined relevance 0.60; citations 50; year 2023
T006,chatbot service failure customer satisfaction,job-7f9847c9-8de7-4434-886f-dcaca44975ce,8,job-7f9847c9-8de7-4434-886f-dcaca44975ce-paper-8,"I, chatbot! the impact of anthropomorphism and gaze direction on willingness to disclose personal information and behavioral intentions","Pizzi, Gabriele, Vannucci, Virginia, Mazzoli, Valentina, Donvito, Raffaele",2023,PSYCHOLOGY & MARKETING,5. 마케팅,국제 A1급,10.1002/mar.21813,0.615,0.2,review,verified,title match; year match; journal match,failed,,,123,title keyword overlap 0.20; abstract keyword overlap 0.20; subtopic fit 1.00; combined relevance 0.20; citations 123; year 2023
T006,chatbot service failure customer satisfaction,job-7f9847c9-8de7-4434-886f-dcaca44975ce,9,job-7f9847c9-8de7-4434-886f-dcaca44975ce-paper-9,Creepiness: Its antecedents and impact on loyalty when interacting with a chatbot,"Rajaobelina, Lova, Tep, Sandrine Prom, Arcand, Manon, Ricard, Line",2021,PSYCHOLOGY & MARKETING,5. 마케팅,국제 A1급,10.1002/mar.21548,0.595,0.2,review,verified,title match; year match; journal match,failed,,,180,title keyword overlap 0.20; abstract keyword overlap 0.20; subtopic fit 1.00; combined relevance 0.20; citations 180; year 2021
T006,chatbot service failure customer satisfaction,job-7f9847c9-8de7-4434-886f-dcaca44975ce,10,job-7f9847c9-8de7-4434-886f-dcaca44975ce-paper-10,Chatbots in frontline services and customer experience: An anthropomorphism perspective,"Nguyen, Mai, Casper Ferm, Lars-Erik, Quach, Sara, Pontes, Nicolas, Thaichon, Park",2023,PSYCHOLOGY & MARKETING,5. 마케팅,국제 A1급,10.1002/mar.21882,0.593,0,review,verified,title match; year match; journal match,failed,,,78,title keyword overlap 0.20; abstract keyword overlap 0.00; subtopic fit 1.00; combined relevance 0.20; citations 78; year 2023
T006,chatbot service failure customer satisfaction,job-7f9847c9-8de7-4434-886f-dcaca44975ce,11,job-7f9847c9-8de7-4434-886f-dcaca44975ce-paper-11,The rise of chatbots: The effect of using chatbot agents on consumers' responses to request rejection,"Yu, Shubin, Xiong, Ji (Jill), Shen, Hao",2024,JOURNAL OF CONSUMER PSYCHOLOGY,5. 마케팅,국제 A1급,10.1002/jcpy.1330,0.586,0.2,review,verified,title match; year mismatch; journal match,failed,,,61,title keyword overlap 0.20; abstract keyword overlap 0.20; subtopic fit 1.00; combined relevance 0.20; citations 61; year 2024
T006,chatbot service failure customer satisfaction,job-7f9847c9-8de7-4434-886f-dcaca44975ce,12,job-7f9847c9-8de7-4434-886f-dcaca44975ce-paper-12,"AI Chatbot, Human, and In-Between: Examining the Broader Spectrum of Technology-Human Interactions in Driving Customer-Brand Relationships Across Experience and Credence Services","Sheng, Margaret L., Natalia, Natalia, Rusfian, Effy Zalfiana",2025,PSYCHOLOGY & MARKETING,5. 마케팅,국제 A1급,10.1002/mar.22165,0.548,0.4,review,partial,Enrichment limit 10 reached; Crossref lookup skipped to stay within Worker subrequest limits.,skipped,,,18,title keyword overlap 0.40; abstract keyword overlap 0.40; subtopic fit 1.00; combined relevance 0.40; citations 18; year 2025
T006,chatbot service failure customer satisfaction,job-7f9847c9-8de7-4434-886f-dcaca44975ce,13,job-7f9847c9-8de7-4434-886f-dcaca44975ce-paper-13,How Chatbot Language Shapes Consumer Perceptions: The Role of Concreteness and Shared Competence,"Jimenez-Barreto, Jano, Rubio, Natalia, Molinillo, Sebastian",2023,JOURNAL OF INTERACTIVE MARKETING,5. 마케팅,국제 A1급,10.1177/10949968231177618,0.519,0.4,review,partial,Enrichment limit 10 reached; Crossref lookup skipped to stay within Worker subrequest limits.,skipped,,,30,title keyword overlap 0.20; abstract keyword overlap 0.40; subtopic fit 1.00; combined relevance 0.34; citations 30; year 2023
T006,chatbot service failure customer satisfaction,job-7f9847c9-8de7-4434-886f-dcaca44975ce,14,job-7f9847c9-8de7-4434-886f-dcaca44975ce-paper-14,Chatbots in Airlines: Are They Really Assisting?,"Kushwaha, Pooja S., Kamila, Manoj Kumar",2026,PSYCHOLOGY & MARKETING,5. 마케팅,국제 A1급,10.1002/mar.70121,0.498,0.4,review,partial,Enrichment limit 10 reached; Crossref lookup skipped to stay within Worker subrequest limits.,skipped,,,0,title keyword overlap 0.00; abstract keyword overlap 0.40; subtopic fit 1.00; combined relevance 0.28; citations 0; year 2026
T006,chatbot service failure customer satisfaction,job-7f9847c9-8de7-4434-886f-dcaca44975ce,15,job-7f9847c9-8de7-4434-886f-dcaca44975ce-paper-15,Effects of interaction between brand positioning and chatbot conversational style on perceived fit and brand attitudes,"Cheng, Li-Keng, Toung, Chung-Lin",2024,PSYCHOLOGY & MARKETING,5. 마케팅,국제 A1급,10.1002/mar.21986,0.461,0.2,review,partial,Enrichment limit 10 reached; Crossref lookup skipped to stay within Worker subrequest limits.,skipped,,,11,title keyword overlap 0.20; abstract keyword overlap 0.20; subtopic fit 1.00; combined relevance 0.20; citations 11; year 2024
T006,chatbot service failure customer satisfaction,job-7f9847c9-8de7-4434-886f-dcaca44975ce,16,job-7f9847c9-8de7-4434-886f-dcaca44975ce-paper-16,Human Is Gold: Why Premium Customers Hate Chatbots and What to Do About It,"Tatavarthy, Aruna Divya, Martuza, Jareef, Thorbjornsen, Helge",2026,JOURNAL OF INTERACTIVE MARKETING,5. 마케팅,국제 A1급,10.1177/10949968251322513,0.45,0.2,review,partial,Enrichment limit 10 reached; Crossref lookup skipped to stay within Worker subrequest limits.,skipped,,,1,title keyword overlap 0.00; abstract keyword overlap 0.20; subtopic fit 1.00; combined relevance 0.14; citations 1; year 2026
T006,chatbot service failure customer satisfaction,job-7f9847c9-8de7-4434-886f-dcaca44975ce,17,job-7f9847c9-8de7-4434-886f-dcaca44975ce-paper-17,Avoiding embarrassment online: Response to and inferences about chatbots when purchases activate self-presentation concerns,"Jin, Jianna, Walker, Jesse, Reczek, Rebecca Walker",2025,JOURNAL OF CONSUMER PSYCHOLOGY,5. 마케팅,국제 A1급,10.1002/jcpy.1414,0.442,0,review,partial,Enrichment limit 10 reached; Crossref lookup skipped to stay within Worker subrequest limits.,skipped,,,52,title keyword overlap 0.00; abstract keyword overlap 0.00; subtopic fit 1.00; combined relevance 0.00; citations 52; year 2025
T006,chatbot service failure customer satisfaction,job-7f9847c9-8de7-4434-886f-dcaca44975ce,18,job-7f9847c9-8de7-4434-886f-dcaca44975ce-paper-18,Lending Legitimacy to Corporate Digital Responsibility: Trust in Firm Versus Government Regulation of Artificial Intelligence Services,"Yoganathan, Vignesh, Osburg, Victoria-Sophie, Janakiraman, Narayan",2026,JOURNAL OF SERVICE RESEARCH,5. 마케팅,국제 A1급,10.1177/10946705251345097,0.402,0,review,partial,Enrichment limit 10 reached; Crossref lookup skipped to stay within Worker subrequest limits.,skipped,,,2,title keyword overlap 0.00; abstract keyword overlap 0.00; subtopic fit 1.00; combined relevance 0.00; citations 2; year 2026
T007,platform work algorithmic control,job-7bbdc57f-9424-4087-88c7-4d0b762f246a,1,job-7bbdc57f-9424-4087-88c7-4d0b762f246a-paper-1,The Invisible Cage: Workers' Reactivity to Opaque Algorithmic Evaluations,"Rahman, Hatim A.",2021,ADMINISTRATIVE SCIENCE QUARTERLY,2. 조직인사,국제 S급,10.1177/00018392211010118,0.735,0.75,include,verified,title match; year match; journal match,failed,,,253,title keyword overlap 0.25; abstract keyword overlap 0.75; subtopic fit 1.00; combined relevance 0.60; citations 253; year 2021
T007,platform work algorithmic control,job-7bbdc57f-9424-4087-88c7-4d0b762f246a,2,job-7bbdc57f-9424-4087-88c7-4d0b762f246a-paper-2,"The Making of the ""Good Bad"" Job: How Algorithmic Management Manufactures Consent Through Constant and Confined Choices","Cameron, Lindsey D.",2024,ADMINISTRATIVE SCIENCE QUARTERLY,2. 조직인사,국제 S급,10.1177/00018392241236163,0.696,0.5,review,verified,title match; year match; journal match,failed,,,92,title keyword overlap 0.25; abstract keyword overlap 0.50; subtopic fit 1.00; combined relevance 0.42; citations 92; year 2024
T007,platform work algorithmic control,job-7bbdc57f-9424-4087-88c7-4d0b762f246a,3,job-7bbdc57f-9424-4087-88c7-4d0b762f246a-paper-3,Algorithmic Surveillance in the Gig Economy: The Organization of Work through Lefebvrian Conceived Space,"Newlands, Gemma",2021,ORGANIZATION STUDIES,2. 조직인사,국제 A1급,10.1177/0170840620937900,0.625,0.5,review,partial,Enrichment limit 10 reached; Crossref lookup skipped to stay within Worker subrequest limits.,skipped,,,302,title keyword overlap 0.50; abstract keyword overlap 0.50; subtopic fit 1.00; combined relevance 0.50; citations 302; year 2021
T007,platform work algorithmic control,job-7bbdc57f-9424-4087-88c7-4d0b762f246a,4,job-7bbdc57f-9424-4087-88c7-4d0b762f246a-paper-4,A multilevel review of artificial intelligence in organizations: Implications for organizational behavior research and practice,"Bankins, Sarah, Ocampo, Anna Carmella, Marrone, Mauricio, Restubog, Simon Lloyd D., Woo, Sang Eun",2024,JOURNAL OF ORGANIZATIONAL BEHAVIOR,2. 조직인사,국제 A1급,10.1002/job.2735,0.603,0.5,review,partial,Enrichment limit 10 reached; Crossref lookup skipped to stay within Worker subrequest limits.,skipped,,,371,title keyword overlap 0.00; abstract keyword overlap 0.50; subtopic fit 1.00; combined relevance 0.35; citations 371; year 2024
T007,platform work algorithmic control,job-7bbdc57f-9424-4087-88c7-4d0b762f246a,5,job-7bbdc57f-9424-4087-88c7-4d0b762f246a-paper-5,Working for an Algorithm: Power Asymmetries and Agency in Online Work Settings,"Curchod, Corentin, Patriotta, Gerardo, Cohen, Laurie, Neysen, Nicolas",2020,ADMINISTRATIVE SCIENCE QUARTERLY,2. 조직인사,국제 S급,10.1177/0001839219867024,0.603,0,review,verified,title match; year mismatch; journal match,failed,,,246,title keyword overlap 0.25; abstract keyword overlap 0.00; subtopic fit 1.00; combined relevance 0.25; citations 246; year 2020
T007,platform work algorithmic control,job-7bbdc57f-9424-4087-88c7-4d0b762f246a,6,job-7bbdc57f-9424-4087-88c7-4d0b762f246a-paper-6,THE EXPERIMENTAL HAND: HOW PLATFORM-BASED EXPERIMENTATION RECONFIGURES WORKER AUTONOMY,"Rahman, Hatim A., Weiss, Tim, Karunakaran, Arvind",2023,ACADEMY OF MANAGEMENT JOURNAL,2. 조직인사,국제 S급,10.5465/amj.2022.0638,0.572,0,review,verified,title match; year match; journal match,failed,,,39,title keyword overlap 0.25; abstract keyword overlap 0.00; subtopic fit 1.00; combined relevance 0.25; citations 39; year 2023
T007,platform work algorithmic control,job-7bbdc57f-9424-4087-88c7-4d0b762f246a,7,job-7bbdc57f-9424-4087-88c7-4d0b762f246a-paper-7,LOSING CONTROL: THE UNCERTAIN MANAGEMENT OF CONCEALABLE STIGMAS WHEN WORK AND SOCIAL MEDIA COLLIDE,"Lauriano, Lucas Amaral, Coacci, Thiago",2023,ACADEMY OF MANAGEMENT JOURNAL,2. 조직인사,국제 S급,10.5465/amj.2020.0586,0.565,0,review,partial,Enrichment limit 10 reached; Crossref lookup skipped to stay within Worker subrequest limits.,skipped,,,20,title keyword overlap 0.50; abstract keyword overlap 0.00; subtopic fit 1.00; combined relevance 0.50; citations 20; year 2023
T007,platform work algorithmic control,job-7bbdc57f-9424-4087-88c7-4d0b762f246a,8,job-7bbdc57f-9424-4087-88c7-4d0b762f246a-paper-8,Investigating the mix of strategic choices and performance of transaction platforms: Evidence from the crowdfunding setting,"Dushnitsky, Gary, Piva, Evila, Rossi-Lamastra, Cristina",2022,STRATEGIC MANAGEMENT JOURNAL,2. 조직인사,국제 S급,10.1002/smj.3163,0.565,0.25,review,verified,title match; year mismatch; journal match,failed,,,69,title keyword overlap 0.00; abstract keyword overlap 0.25; subtopic fit 1.00; combined relevance 0.17; citations 69; year 2022
T007,platform work algorithmic control,job-7bbdc57f-9424-4087-88c7-4d0b762f246a,9,job-7bbdc57f-9424-4087-88c7-4d0b762f246a-paper-9,"Organization-as-Platform Activism: Theory and Evidence from the National Football League ""Take a Knee"" Movement","Rheinhardt, Alexandra, Briscoe, Forrest, Joshi, Aparna",2023,ADMINISTRATIVE SCIENCE QUARTERLY,2. 조직인사,국제 S급,10.1177/00018392221148725,0.557,0.25,review,verified,title match; year match; journal match,failed,,,24,title keyword overlap 0.25; abstract keyword overlap 0.25; subtopic fit 1.00; combined relevance 0.25; citations 24; year 2023
T007,platform work algorithmic control,job-7bbdc57f-9424-4087-88c7-4d0b762f246a,10,job-7bbdc57f-9424-4087-88c7-4d0b762f246a-paper-10,Platforms for the people: Enabling civic crowdfunding through the cultivation of institutional infrastructure,"Logue, Danielle, Grimes, Matthew",2022,STRATEGIC MANAGEMENT JOURNAL,2. 조직인사,국제 S급,10.1002/smj.3110,0.531,0,review,verified,title match; year mismatch; journal match,failed,,,96,title keyword overlap 0.00; abstract keyword overlap 0.00; subtopic fit 1.00; combined relevance 0.00; citations 96; year 2022
T007,platform work algorithmic control,job-7bbdc57f-9424-4087-88c7-4d0b762f246a,11,job-7bbdc57f-9424-4087-88c7-4d0b762f246a-paper-11,Audience Entanglement: How Independent Creative Workers Experience the Pressures of Widespread Appeal on Digital Platforms,"Pillemer, Julianna, Harrison, Spencer, Murphy, Chad, Park, Yejin",2026,ADMINISTRATIVE SCIENCE QUARTERLY,2. 조직인사,국제 S급,10.1177/00018392251399652,0.523,0.5,review,partial,Enrichment limit 10 reached; Crossref lookup skipped to stay within Worker subrequest limits.,skipped,,,0,title keyword overlap 0.00; abstract keyword overlap 0.50; subtopic fit 1.00; combined relevance 0.35; citations 0; year 2026
T007,platform work algorithmic control,job-7bbdc57f-9424-4087-88c7-4d0b762f246a,12,job-7bbdc57f-9424-4087-88c7-4d0b762f246a-paper-12,FORMING ENTREPRENEURIAL TEAMS: MIXING BUSINESS AND FRIENDSHIP TO CREATE TRANSACTIVE MEMORY SYSTEMS FOR ENHANCED SUCCESS,"Lazar, Moran, Miron-Spektor, Ella, Chen, Gilad, Goldfarb, Brent, Erez, Miriam",2022,ACADEMY OF MANAGEMENT JOURNAL,2. 조직인사,국제 S급,10.5465/amj.2020.0393,0.494,0,review,verified,title match; year match; journal match,failed,,,59,title keyword overlap 0.00; abstract keyword overlap 0.00; subtopic fit 1.00; combined relevance 0.00; citations 59; year 2022
T007,platform work algorithmic control,job-7bbdc57f-9424-4087-88c7-4d0b762f246a,13,job-7bbdc57f-9424-4087-88c7-4d0b762f246a-paper-13,When do startups scale? Large-scale evidence from job postings,"Lee, Saerom (Ronnie), Kim, J. Daniel",2024,STRATEGIC MANAGEMENT JOURNAL,2. 조직인사,국제 S급,10.1002/smj.3596,0.482,0,review,verified,title match; year match; journal match,failed,,,27,title keyword overlap 0.00; abstract keyword overlap 0.00; subtopic fit 1.00; combined relevance 0.00; citations 27; year 2024
T007,platform work algorithmic control,job-7bbdc57f-9424-4087-88c7-4d0b762f246a,14,job-7bbdc57f-9424-4087-88c7-4d0b762f246a-paper-14,SIGNALING DIVERSITY DEBT: STARTUP GENDER COMPOSITION AND THE GENDER GAP IN JOINERS' INTEREST,"Engel, Yuval, Lewis, Trey, Cardon, Melissa S., Hentschel, Tanja",2023,ACADEMY OF MANAGEMENT JOURNAL,2. 조직인사,국제 S급,10.5465/amj.2021.1197,0.482,0,review,verified,title match; year match; journal match,failed,,,37,title keyword overlap 0.00; abstract keyword overlap 0.00; subtopic fit 1.00; combined relevance 0.00; citations 37; year 2023
T007,platform work algorithmic control,job-7bbdc57f-9424-4087-88c7-4d0b762f246a,15,job-7bbdc57f-9424-4087-88c7-4d0b762f246a-paper-15,Knowledge seeking and anonymity in digital work settings,"Mickeler, Maren, Khashabi, Pooyan, Kleine, Marco, Kretschmer, Tobias",2023,STRATEGIC MANAGEMENT JOURNAL,2. 조직인사,국제 S급,10.1002/smj.3504,0.472,0.25,review,partial,Enrichment limit 10 reached; Crossref lookup skipped to stay within Worker subrequest limits.,skipped,,,14,title keyword overlap 0.25; abstract keyword overlap 0.25; subtopic fit 1.00; combined relevance 0.25; citations 14; year 2023
T007,platform work algorithmic control,job-7bbdc57f-9424-4087-88c7-4d0b762f246a,16,job-7bbdc57f-9424-4087-88c7-4d0b762f246a-paper-16,Frontline Professionals in the Wake of Social Media Scrutiny: Examining the Processes of Obscured Accountability,"Karunakaran, Arvind",2024,ADMINISTRATIVE SCIENCE QUARTERLY,2. 조직인사,국제 S급,10.1177/00018392241256303,0.448,0.25,review,partial,Enrichment limit 10 reached; Crossref lookup skipped to stay within Worker subrequest limits.,skipped,,,7,title keyword overlap 0.00; abstract keyword overlap 0.25; subtopic fit 1.00; combined relevance 0.17; citations 7; year 2024
T007,platform work algorithmic control,job-7bbdc57f-9424-4087-88c7-4d0b762f246a,17,job-7bbdc57f-9424-4087-88c7-4d0b762f246a-paper-17,Searching together versus searching apart: Evidence from Kaggle1,"Minervini, Marco S., He, Tianyu, Puranam, Phanish",2026,STRATEGIC MANAGEMENT JOURNAL,2. 조직인사,국제 S급,10.1002/smj.70066,0.4,0,review,partial,Enrichment limit 10 reached; Crossref lookup skipped to stay within Worker subrequest limits.,skipped,,,0,title keyword overlap 0.00; abstract keyword overlap 0.00; subtopic fit 1.00; combined relevance 0.00; citations 0; year 2026
T007,platform work algorithmic control,job-7bbdc57f-9424-4087-88c7-4d0b762f246a,18,job-7bbdc57f-9424-4087-88c7-4d0b762f246a-paper-18,"Rating systems and increased heterogeneity in firm performance: Evidence from the New York City Restaurant Industry, 1994-2013","Greenberg, Jason, Sands, Daniel B., Cattani, Gino, Porac, Joseph",2024,STRATEGIC MANAGEMENT JOURNAL,2. 조직인사,국제 S급,10.1002/smj.3545,0.394,0,review,partial,Enrichment limit 10 reached; Crossref lookup skipped to stay within Worker subrequest limits.,skipped,,,14,title keyword overlap 0.00; abstract keyword overlap 0.00; subtopic fit 1.00; combined relevance 0.00; citations 14; year 2024
T007,platform work algorithmic control,job-7bbdc57f-9424-4087-88c7-4d0b762f246a,19,job-7bbdc57f-9424-4087-88c7-4d0b762f246a-paper-19,Art for Whose Sake? Managing Professional Autonomy and Empowered Clients in the Porcelain Capital of China,"Chen, Siyin, Christianson, Marlys, Zhong, Chen-Bo",2025,ADMINISTRATIVE SCIENCE QUARTERLY,2. 조직인사,국제 S급,10.1177/00018392251343515,0.391,0,review,partial,Enrichment limit 10 reached; Crossref lookup skipped to stay within Worker subrequest limits.,skipped,,,1,title keyword overlap 0.00; abstract keyword overlap 0.00; subtopic fit 1.00; combined relevance 0.00; citations 1; year 2025
T007,platform work algorithmic control,job-7bbdc57f-9424-4087-88c7-4d0b762f246a,20,job-7bbdc57f-9424-4087-88c7-4d0b762f246a-paper-20,DESIGNING ONLINE PLATFORMS FOR CUSTOMIZED GOODS AND SERVICES: A MARKET FRICTIONS-BASED PERSPECTIVE,"Chu, Leon Yang, Wu, Brian",2023,ACADEMY OF MANAGEMENT REVIEW,2. 조직인사,국제 S급,10.5465/amr.2020.0247,0.391,0,review,partial,Enrichment limit 10 reached; Crossref lookup skipped to stay within Worker subrequest limits.,skipped,,,21,title keyword overlap 0.00; abstract keyword overlap 0.00; subtopic fit 1.00; combined relevance 0.00; citations 21; year 2023
T008,remote work knowledge sharing,job-250b2da9-5f87-4f72-bc79-a563859f6a72,1,job-250b2da9-5f87-4f72-bc79-a563859f6a72-paper-1,Does remote work flexibility enhance organization performance? Moderating role of organization policy and top management support,"Chatterjee, Sheshadri, Chaudhuri, Ranjan, Vrontis, Demetris",2022,JOURNAL OF BUSINESS RESEARCH,1. 공통,국제 A1급,10.1016/j.jbusres.2021.10.069,0.71,0.5,review,verified,title match; year match; journal match,failed,,,182,title keyword overlap 0.50; abstract keyword overlap 0.50; subtopic fit 1.00; combined relevance 0.50; citations 182; year 2022
T008,remote work knowledge sharing,job-250b2da9-5f87-4f72-bc79-a563859f6a72,2,job-250b2da9-5f87-4f72-bc79-a563859f6a72-paper-2,Remote Work and Job Applicant Diversity: Evidence from Technology Startups,"Hsu, David H., Tambe, Prasanna B.",2025,MANAGEMENT SCIENCE,1. 공통,국제 S급,10.1287/mnsc.2022.03391,0.654,0.5,review,verified,title match; year mismatch; journal match,failed,,,14,title keyword overlap 0.50; abstract keyword overlap 0.50; subtopic fit 1.00; combined relevance 0.50; citations 14; year 2025
T008,remote work knowledge sharing,job-250b2da9-5f87-4f72-bc79-a563859f6a72,3,job-250b2da9-5f87-4f72-bc79-a563859f6a72-paper-3,How Do Different Remote Work Arrangements Impact Employee Job Satisfaction and Retention?,"Makridis, Christos A., Schloetzer, Jason",2026,MANAGEMENT SCIENCE,1. 공통,국제 S급,10.1287/mnsc.2024.07017,0.651,0.25,review,verified,title match; year match; journal match,failed,,,1,title keyword overlap 0.50; abstract keyword overlap 0.25; subtopic fit 1.00; combined relevance 0.50; citations 1; year 2026
T008,remote work knowledge sharing,job-250b2da9-5f87-4f72-bc79-a563859f6a72,4,job-250b2da9-5f87-4f72-bc79-a563859f6a72-paper-4,Exploring the challenges of remote work on Twitter users' sentiments: From digital technology development to a post-pandemic era,"Saura, Jose Ramon, Ribeiro-Soriano, Domingo, Saldana, Pablo Zegarra",2022,JOURNAL OF BUSINESS RESEARCH,1. 공통,국제 A1급,10.1016/j.jbusres.2021.12.052,0.635,0.25,review,partial,Enrichment limit 10 reached; Crossref lookup skipped to stay within Worker subrequest limits.,skipped,,,128,title keyword overlap 0.50; abstract keyword overlap 0.25; subtopic fit 1.00; combined relevance 0.50; citations 128; year 2022
T008,remote work knowledge sharing,job-250b2da9-5f87-4f72-bc79-a563859f6a72,5,job-250b2da9-5f87-4f72-bc79-a563859f6a72-paper-5,Enforced remote working: The impact of digital platform-induced stress and remote working experience on technology exhaustion and subjective wellbeing,"Singh, Pallavi, Bala, Hillol, Dey, Bidit Lal, Filieri, Raffaele",2022,JOURNAL OF BUSINESS RESEARCH,1. 공통,국제 A1급,10.1016/j.jbusres.2022.07.002,0.609,0.5,review,partial,Enrichment limit 10 reached; Crossref lookup skipped to stay within Worker subrequest limits.,skipped,,,146,title keyword overlap 0.25; abstract keyword overlap 0.50; subtopic fit 1.00; combined relevance 0.42; citations 146; year 2022
T008,remote work knowledge sharing,job-250b2da9-5f87-4f72-bc79-a563859f6a72,6,job-250b2da9-5f87-4f72-bc79-a563859f6a72-paper-6,"The adoption of remote work platforms after the Covid-19 lockdown: New approach, new evidence","Sahut, Jean Michel, Lissillour, Raphael",2023,JOURNAL OF BUSINESS RESEARCH,1. 공통,국제 A1급,10.1016/j.jbusres.2022.113345,0.602,0.5,review,partial,Enrichment limit 10 reached; Crossref lookup skipped to stay within Worker subrequest limits.,skipped,,,57,title keyword overlap 0.50; abstract keyword overlap 0.50; subtopic fit 1.00; combined relevance 0.50; citations 57; year 2023
T008,remote work knowledge sharing,job-250b2da9-5f87-4f72-bc79-a563859f6a72,7,job-250b2da9-5f87-4f72-bc79-a563859f6a72-paper-7,Remote work and the COVID-19 pandemic: An artificial intelligence-based topic modeling and a future agenda,"Aleem, Majid, Sufyan, Muhammad, Ameer, Irfan, Mustak, Mekhail",2023,JOURNAL OF BUSINESS RESEARCH,1. 공통,국제 A1급,10.1016/j.jbusres.2022.113303,0.59,0.5,review,partial,Enrichment limit 10 reached; Crossref lookup skipped to stay within Worker subrequest limits.,skipped,,,45,title keyword overlap 0.50; abstract keyword overlap 0.50; subtopic fit 1.00; combined relevance 0.50; citations 45; year 2023
T008,remote work knowledge sharing,job-250b2da9-5f87-4f72-bc79-a563859f6a72,8,job-250b2da9-5f87-4f72-bc79-a563859f6a72-paper-8,A Flash in the Pan(Demic)? Migration Risks and Municipal Bonds,"Gustafson, Matthew, Haslag, Peter, Weagley, Daniel, Ye, Zihan",2025,MANAGEMENT SCIENCE,1. 공통,국제 S급,10.1287/mnsc.2023.02674,0.588,0.5,review,verified,title match; year match; journal match,failed,,,0,title keyword overlap 0.00; abstract keyword overlap 0.50; subtopic fit 1.00; combined relevance 0.35; citations 0; year 2025
T008,remote work knowledge sharing,job-250b2da9-5f87-4f72-bc79-a563859f6a72,9,job-250b2da9-5f87-4f72-bc79-a563859f6a72-paper-9,Towards an understanding of remote work exhaustion: A study on the effects of individuals? big five personality traits,"Parra, Carlos M., Gupta, Manjul, Cadden, Trevor",2022,JOURNAL OF BUSINESS RESEARCH,1. 공통,국제 A1급,10.1016/j.jbusres.2022.06.009,0.578,0.5,review,partial,Enrichment limit 10 reached; Crossref lookup skipped to stay within Worker subrequest limits.,skipped,,,43,title keyword overlap 0.50; abstract keyword overlap 0.50; subtopic fit 1.00; combined relevance 0.50; citations 43; year 2022
T008,remote work knowledge sharing,job-250b2da9-5f87-4f72-bc79-a563859f6a72,10,job-250b2da9-5f87-4f72-bc79-a563859f6a72-paper-10,Unmasking the other face of flexible working practices: A systematic literature review,"Soga, Lebene Richmond, Bolade-Ogunfodun, Yemisi, Mariani, Marcello, Nasr, Rita, Laker, Benjamin",2022,JOURNAL OF BUSINESS RESEARCH,1. 공통,국제 A1급,10.1016/j.jbusres.2022.01.024,0.573,0.5,review,partial,Enrichment limit 10 reached; Crossref lookup skipped to stay within Worker subrequest limits.,skipped,,,90,title keyword overlap 0.00; abstract keyword overlap 0.50; subtopic fit 1.00; combined relevance 0.35; citations 90; year 2022
T008,remote work knowledge sharing,job-250b2da9-5f87-4f72-bc79-a563859f6a72,11,job-250b2da9-5f87-4f72-bc79-a563859f6a72-paper-11,Discretionary Remote Working Helps Mothers Without Harming Non-mothers: Evidence from a Field Experiment,"Sherman, Eliot L.",2020,MANAGEMENT SCIENCE,1. 공통,국제 S급,10.1287/mnsc.2018.3237,0.549,0,review,verified,title match; year match; journal match,failed,,,46,title keyword overlap 0.25; abstract keyword overlap 0.00; subtopic fit 1.00; combined relevance 0.25; citations 46; year 2020
T008,remote work knowledge sharing,job-250b2da9-5f87-4f72-bc79-a563859f6a72,12,job-250b2da9-5f87-4f72-bc79-a563859f6a72-paper-12,Remote working and digital transformation during the COVID-19 pandemic: Economic-financial impacts and psychological drivers for employees,"Battisti, Enrico, Alfiero, Simona, Leonidou, Erasmia",2022,JOURNAL OF BUSINESS RESEARCH,1. 공통,국제 A1급,10.1016/j.jbusres.2022.06.010,0.548,0.25,review,partial,Enrichment limit 10 reached; Crossref lookup skipped to stay within Worker subrequest limits.,skipped,,,127,title keyword overlap 0.25; abstract keyword overlap 0.25; subtopic fit 1.00; combined relevance 0.25; citations 127; year 2022
T008,remote work knowledge sharing,job-250b2da9-5f87-4f72-bc79-a563859f6a72,13,job-250b2da9-5f87-4f72-bc79-a563859f6a72-paper-13,How should Vallia proceed with plans for in- office and remote work? The experts respond,"Darrell, Bracken, Berg, Katarina",2023,HARVARD BUSINESS REVIEW,1. 공통,국제 S급,,0.52,0,review,partial,No DOI available for Crossref verification.,not_found,,,0,title keyword overlap 0.50; abstract keyword overlap 0.00; subtopic fit 1.00; combined relevance 0.50; citations 0; year 2023
T008,remote work knowledge sharing,job-250b2da9-5f87-4f72-bc79-a563859f6a72,14,job-250b2da9-5f87-4f72-bc79-a563859f6a72-paper-14,Small and Medium Enterprises Amidst the Pandemic and Reopening: Digital Edge and Transformation,"Cong, Lin William, Yang, Xiaohan, Zhang, Xiaobo",2024,MANAGEMENT SCIENCE,1. 공통,국제 S급,10.1287/mnsc.2023.02424,0.496,0,review,verified,title match; year match; journal match,failed,,,41,title keyword overlap 0.00; abstract keyword overlap 0.00; subtopic fit 1.00; combined relevance 0.00; citations 41; year 2024
T008,remote work knowledge sharing,job-250b2da9-5f87-4f72-bc79-a563859f6a72,15,job-250b2da9-5f87-4f72-bc79-a563859f6a72-paper-15,Management Practices and Resilience to Shocks: Evidence from COVID-19,"Lamorgese, Andrea, Patnaik, Megha, Linarello, Andrea, Schivardi, Fabiano",2025,MANAGEMENT SCIENCE,1. 공통,국제 S급,10.1287/mnsc.2021.01341,0.485,0,review,verified,title match; year mismatch; journal match,failed,,,20,title keyword overlap 0.00; abstract keyword overlap 0.00; subtopic fit 1.00; combined relevance 0.00; citations 20; year 2025
T008,remote work knowledge sharing,job-250b2da9-5f87-4f72-bc79-a563859f6a72,16,job-250b2da9-5f87-4f72-bc79-a563859f6a72-paper-16,Job demands-resources and conservation of resources theories: How do they help to explain employee well-being and future job design?,"Demerouti, Evangelia",2025,JOURNAL OF BUSINESS RESEARCH,1. 공통,국제 A1급,10.1016/j.jbusres.2025.115296,0.445,0,review,partial,Enrichment limit 10 reached; Crossref lookup skipped to stay within Worker subrequest limits.,skipped,,,55,title keyword overlap 0.00; abstract keyword overlap 0.00; subtopic fit 1.00; combined relevance 0.00; citations 55; year 2025
T008,remote work knowledge sharing,job-250b2da9-5f87-4f72-bc79-a563859f6a72,17,job-250b2da9-5f87-4f72-bc79-a563859f6a72-paper-17,Can't leave it at home? The effects of personal stress on burnout and salesperson performance,"Peasley, Michael C., Hochstein, Bryan, Britton, Benjamin P., Srivastava, Rajesh, V, Stewart, Geoffrey T.",2020,JOURNAL OF BUSINESS RESEARCH,1. 공통,국제 A1급,10.1016/j.jbusres.2020.05.014,0.422,0,review,partial,Enrichment limit 10 reached; Crossref lookup skipped to stay within Worker subrequest limits.,skipped,,,82,title keyword overlap 0.00; abstract keyword overlap 0.00; subtopic fit 1.00; combined relevance 0.00; citations 82; year 2020
T008,remote work knowledge sharing,job-250b2da9-5f87-4f72-bc79-a563859f6a72,18,job-250b2da9-5f87-4f72-bc79-a563859f6a72-paper-18,"Examining the relationship between fear of COVID-19, intolerance for uncertainty, and cyberloafing: A mediational model","Reizer, Abira, Galperin, Bella L., Chavan, Meena, Behl, Abhishek, Pereira, Vijay",2022,JOURNAL OF BUSINESS RESEARCH,1. 공통,국제 A1급,10.1016/j.jbusres.2022.03.037,0.412,0,review,partial,Enrichment limit 10 reached; Crossref lookup skipped to stay within Worker subrequest limits.,skipped,,,52,title keyword overlap 0.00; abstract keyword overlap 0.00; subtopic fit 1.00; combined relevance 0.00; citations 52; year 2022
T008,remote work knowledge sharing,job-250b2da9-5f87-4f72-bc79-a563859f6a72,19,job-250b2da9-5f87-4f72-bc79-a563859f6a72-paper-19,Designing the Hybrid Office,"Fayard, Anne-Laure, Weeks, John, Khan, Mahwesh",2021,HARVARD BUSINESS REVIEW,1. 공통,국제 S급,,0.362,0,review,partial,No DOI available for Crossref verification.,not_found,,,37,title keyword overlap 0.00; abstract keyword overlap 0.00; subtopic fit 1.00; combined relevance 0.00; citations 37; year 2021
T008,remote work knowledge sharing,job-250b2da9-5f87-4f72-bc79-a563859f6a72,20,job-250b2da9-5f87-4f72-bc79-a563859f6a72-paper-20,How to Do Sponsorship Right,"Ibarra, Herminia",2022,HARVARD BUSINESS REVIEW,1. 공통,국제 S급,,0.339,0,exclude,partial,No DOI available for Crossref verification.,not_found,,,4,title keyword overlap 0.00; abstract keyword overlap 0.00; subtopic fit 1.00; combined relevance 0.00; citations 4; year 2022
